STATUS,mar20_counts,jul20_counts,feb20_counts,sep20_counts,may20_counts,jan20_counts,aug20_counts,jun20_counts,avg monthly vis,Lake Counts,Total visits,Avg monthly vis per lake,Avg yearly vis per lake
Impaired,4935.0,6285.0,5042.0,6339.0,5589.0,5119.0,6264.0,5822.0,5674.375,231.0,45395.0,24.564393939393938,196.5151515151515
nonimpaired,4582.0,5837.0,4700.0,5819.0,5122.0,4731.0,5731.0,5340.0,5232.75,640.0,41862.0,8.176171875,65.409375
Total vis per year,9517.0,12122.0,9742.0,12158.0,10711.0,9850.0,11995.0,11162.0,10907.125,871.0,87257.0,32.74056581439394,261.9245265151515
